Workbook

Sheet Any column filter
B1: Any Column Filter
K3: Name | L3: Emp ID | M3: Gender | N3: Education Qualification | O3: Date of Join | P3: Job Title | Q3: Salary | R3: Age
B4: Search By: (1 column) | E4: Search By: (All column) | K4: Barank Obama | L4: AC0001 | M4: Male | N4: Bachelor's Degree | O4: 44724 | P4: Chocolatier | Q4: 51300 | R4: 26 | T4: {=_xlfn.BYROW(Staff[],_xleta.CONCAT)} -> Barank ObamaAC0001MaleBachelor's Degree44724Chocolatier5130026
B5: Bush | E5: ast | K5: Large Bush | L5: AC0002 | M5: Female | N5: Diploma | O5: 44975 | P5: Production Operator | Q5: 38300 | R5: 33 | T5: Large BushAC0002FemaleDiploma44975Production Operator3830033
K6: Fill Clinton | L6: AC0003 | M6: Male | N6: High School Diploma | O6: 45540 | P6: Packaging Associate | Q6: 31400 | R6: 34 | T6: Fill ClintonAC0003MaleHigh School Diploma45540Packaging Associate3140034
B7: Matching Records | K7: Donald Roundup | L7: AC0004 | M7: Male | N7: Bachelor's Degree | O7: 44520 | P7: Marketing Specialist | Q7: 60700 | R7: 30 | T7: Donald RoundupAC0004MaleBachelor's Degree44520Marketing Specialist6070030
K8: Now Biden | L8: AC0005 | M8: Female | N8: Master's Degree | O8: 43929 | P8: Research Scientist | Q8: 77300 | R8: 30 | T8: Now BidenAC0005FemaleMaster's Degree43929Research Scientist7730030
B9: Name | C9: Emp ID | D9: Gender | E9: Education Qualification | F9: Date of Join | G9: Job Title | H9: Salary | I9: Age | K9: ROWland Reagan | L9: AC0006 | M9: Female | N9: Bachelor's Degree | O9: 45730 | P9: Sales Representative | Q9: 49800 | R9: 38 | T9: ROWland ReaganAC0006FemaleBachelor's Degree45730Sales Representative4980038
B10: {=_xlfn._xlws.FILTER(Staff[],ISNUMBER(SEARCH(B5,Staff[Name])))} -> Large Bush | C10: AC0002 | D10: Female | E10: Diploma | F10: 44975 | G10: Production Operator | H10: 38300 | I10: 33 | K10: Jimmy Charter | L10: AC0007 | M10: Male | N10: High School Diploma | O10: 45293 | P10: Production Operator | Q10: 33000 | R10: 32 | T10: Jimmy CharterAC0007MaleHigh School Diploma45293Production Operator3300032
K11: Gerald Find | L11: AC0008 | M11: Female | N11: Diploma | O11: 44761 | P11: Quality Control | Q11: 41900 | R11: 36 | T11: Gerald FindAC0008FemaleDiploma44761Quality Control4190036
K12: Richard Function | L12: AC0009 | M12: Male | N12: Bachelor's Degree | O12: 45240 | P12: Research Analyst | Q12: 58100 | R12: 31 | T12: Richard FunctionAC0009MaleBachelor's Degree45240Research Analyst5810031
K13: Abraham LinColumn | L13: AC0010 | M13: Male | N13: Master's Degree | O13: 44372 | P13: Product Manager | Q13: 82900 | R13: 31 | T13: Abraham LinColumnAC0010MaleMaster's Degree44372Product Manager8290031
K14: Harry S TRUEman | L14: AC0011 | M14: Male | N14: High School Diploma | O14: 45508 | P14: Packaging Associate | Q14: 28900 | R14: 30 | T14: Harry S TRUEmanAC0011MaleHigh School Diploma45508Packaging Associate2890030
K15: John IF Kennedy | L15: AC0012 | M15: Male | N15: Diploma | O15: 44609 | P15: Production Operator | Q15: 37300 | R15: 35 | T15: John IF KennedyAC0012MaleDiploma44609Production Operator3730035
K16: Wood ROW Wilson | L16: AC0013 | M16: Male | N16: Bachelor's Degree | O16: 45229 | P16: Chocolatier | Q16: 52700 | R16: 29 | T16: Wood ROW WilsonAC0013MaleBachelor's Degree45229Chocolatier5270029
K17: Franklin D Choosevelt | L17: AC0014 | M17: Female | N17: Master's Degree | O17: 44086 | P17: Marketing Manager | Q17: 74700 | R17: 52 | T17: Franklin D ChooseveltAC0014FemaleMaster's Degree44086Marketing Manager7470052
K18: Ulysses S. GrandTotal | L18: AC0015 | M18: Male | N18: Bachelor | O18: 44260 | P18: Research Analyst | Q18: 55600 | R18: 35 | T18: Ulysses S. GrandTotalAC0015MaleBachelor44260Research Analyst5560035
K19: Dwight D. EisenLower | L19: AC0016 | M19: Male | N19: High School Diploma | O19: 45433 | P19: Packaging Associate | Q19: 32900 | R19: 30 | T19: Dwight D. EisenLowerAC0016MaleHigh School Diploma45433Packaging Associate3290030
K20: Exact Hoover | L20: AC0017 | M20: Female | N20: Diploma | O20: 45146 | P20: Quality Control | Q20: 41500 | R20: 32 | T20: Exact HooverAC0017FemaleDiploma45146Quality Control4150032
K21: Amitabh FUNCTION | L21: AC0018 | M21: Male | N21: Bachelor | O21: 44888 | P21: Sales Representative | Q21: 49400 | R21: 31 | T21: Amitabh FUNCTIONAC0018MaleBachelor44888Sales Representative4940031
K22: Shahrukh SCAN | L22: AC0019 | M22: Male | N22: Master | O22: 43661 | P22: Product Manager | Q22: 82700 | R22: 34 | T22: Shahrukh SCANAC0019MaleMaster43661Product Manager8270034
... K38: VishwanaTAN AnAND | L38: AC0035 | M38: Male | N38: Bachelor | O38: 44587 | P38: Sales Representative | Q38: 46900 | R38: 35 | T38: VishwanaTAN AnANDAC0035MaleBachelor44587Sales Representative4690035
B40: Name | C40: Emp ID | D40: Gender | E40: Education Qualification | F40: Date of Join | G40: Job Title | H40: Salary | I40: Age
B41: {=_xlfn._xlws.FILTER(Staff[],ISNUMBER(SEARCH(E5,_xlfn.BYROW(Staff[],_xleta.CONCAT))))} -> Now Biden | C41: AC0005 | D41: Female | E41: Master's Degree | F41: 43929 | G41: Research Scientist | H41: 77300 | I41: 30
B42: Abraham LinColumn | C42: AC0010 | D42: Male | E42: Master's Degree | F42: 44372 | G42: Product Manager | H42: 82900 | I42: 31
B43: Franklin D Choosevelt | C43: AC0014 | D43: Female | E43: Master's Degree | F43: 44086 | G43: Marketing Manager | H43: 74700 | I43: 52
B44: Shahrukh SCAN | C44: AC0019 | D44: Male | E44: Master | F44: 43661 | G44: Product Manager | H44: 82700 | I44: 34
B45: Pra BASE | C45: AC0023 | D45: Male | E45: Master | F45: 44933 | G45: Marketing Specialist | H45: 62300 | I45: 34
B46: VALUE Arjun | C46: AC0028 | D46: Male | E46: Master | F46: 44113 | G46: Product Manager | H46: 82100 | I46: 33
B47: ViRIGHT Kohli | C47: AC0032 | D47: Male | E47: Master | F47: 44269 | G47: Research Analyst | H47: 57100 | I47: 29

Sheet FX Converter
B1: FX Converter
N2: 1 NZD in
A3: Calcualte correct NZD amount on each date using the exchange rate information in columns M:Q | M3: Date | N3: USD | O3: AUD | P3: EUR | Q3: INR
M4: 46022 | N4: 0.57885 | O4: 0.8641 | P4: 0.49275 | Q4: 51.9757
B5: Receipt_Id | C5: Date | D5: Amount | E5: Currency | F5: Exchange rate | G5: Amount in NZD | M5: 46031 | N5: 0.57455 | O5: 0.858 | P5: 0.493 | Q5: 51.7253
B6: R_23007 | C6: 46023 | D6: 272.53 | E6: EUR | F6: {=_xlfn.LET(_xlpm.my_date,Table1[[#This Row],[Date]],_xlpm.myfx,Table1[[#This Row],[Currency]],_xlpm.myrates,_xlfn.XLOOKUP(_xlpm.myfx,$N$3:$Q$3,$N$4:$Q$26),_xlpm.mydates,$M$4:$M$26,_xlpm.rate_to_use, _xlfn.XLOOKUP(_xlpm.my_date,_xlpm.mydates,_xlpm.myrates,1,-1),IF(_xlpm.myfx ="NZD",1,_xlpm.rate_to_use))} -> 0.49275 | G6: =ROUNDUP(Table1[[#This Row],[Amount]]/Table1[[#This Row],[Exchange rate]],2) -> 553.08 | M6: 46036 | N6: 0.57365 | O6: 0.85865 | P6: 0.4927 | Q6: 51.7469
B7: R_23008 | C7: 46023 | D7: 91.94 | E7: USD | F7: {=_xlfn.LET(_xlpm.my_date,Table1[[#This Row],[Date]],_xlpm.myfx,Table1[[#This Row],[Currency]],_xlpm.myrates,_xlfn.XLOOKUP(_xlpm.myfx,$N$3:$Q$3,$N$4:$Q$26),_xlpm.mydates,$M$4:$M$26,_xlpm.rate_to_use, _xlfn.XLOOKUP(_xlpm.my_date,_xlpm.mydates,_xlpm.myrates,1,-1),IF(_xlpm.myfx ="NZD",1,_xlpm.rate_to_use))} -> 0.57885 | G7: =ROUNDUP(Table1[[#This Row],[Amount]]/Table1[[#This Row],[Exchange rate]],2) -> 158.84 | M7: 46038 | N7: 0.57445 | O7: 0.85755 | P7: 0.49505 | Q7: 51.87
B8: R_23009 | C8: 46023 | D8: 318.11 | E8: EUR | F8: {=_xlfn.LET(_xlpm.my_date,Table1[[#This Row],[Date]],_xlpm.myfx,Table1[[#This Row],[Currency]],_xlpm.myrates,_xlfn.XLOOKUP(_xlpm.myfx,$N$3:$Q$3,$N$4:$Q$26),_xlpm.mydates,$M$4:$M$26,_xlpm.rate_to_use, _xlfn.XLOOKUP(_xlpm.my_date,_xlpm.mydates,_xlpm.myrates,1,-1),IF(_xlpm.myfx ="NZD",1,_xlpm.rate_to_use))} -> 0.49275 | G8: =ROUNDUP(Table1[[#This Row],[Amount]]/Table1[[#This Row],[Exchange rate]],2) -> 645.59 | M8: 46045 | N8: 0.59145 | O8: 0.86435 | P8: 0.5034 | Q8: 54.1887
B9: R_23010 | C9: 46023 | D9: 23234.29 | E9: INR | F9: {=_xlfn.LET(_xlpm.my_date,Table1[[#This Row],[Date]],_xlpm.myfx,Table1[[#This Row],[Currency]],_xlpm.myrates,_xlfn.XLOOKUP(_xlpm.myfx,$N$3:$Q$3,$N$4:$Q$26),_xlpm.mydates,$M$4:$M$26,_xlpm.rate_to_use, _xlfn.XLOOKUP(_xlpm.my_date,_xlpm.mydates,_xlpm.myrates,1,-1),IF(_xlpm.myfx ="NZD",1,_xlpm.rate_to_use))} -> 51.9757 | G9: =ROUNDUP(Table1[[#This Row],[Amount]]/Table1[[#This Row],[Exchange rate]],2) -> 447.03 | M9: 46052 | N9: 0.60585 | O9: 0.86225 | P9: 0.50785 | Q9: 55.7136
B10: R_23011 | C10: 46023 | D10: 6875.52 | E10: INR | F10: {=_xlfn.LET(_xlpm.my_date,Table1[[#This Row],[Date]],_xlpm.myfx,Table1[[#This Row],[Currency]],_xlpm.myrates,_xlfn.XLOOKUP(_xlpm.myfx,$N$3:$Q$3,$N$4:$Q$26),_xlpm.mydates,$M$4:$M$26,_xlpm.rate_to_use, _xlfn.XLOOKUP(_xlpm.my_date,_xlpm.mydates,_xlpm.myrates,1,-1),IF(_xlpm.myfx ="NZD",1,_xlpm.rate_to_use))} -> 51.9757 | G10: =ROUNDUP(Table1[[#This Row],[Amount]]/Table1[[#This Row],[Exchange rate]],2) -> 132.29 | M10: 46066 | N10: 0.60325 | O10: 0.8515 | P10: 0.5081 | Q10: 54.6658
B11: R_23012 | C11: 46024 | D11: 5744.75 | E11: INR | F11: {=_xlfn.LET(_xlpm.my_date,Table1[[#This Row],[Date]],_xlpm.myfx,Table1[[#This Row],[Currency]],_xlpm.myrates,_xlfn.XLOOKUP(_xlpm.myfx,$N$3:$Q$3,$N$4:$Q$26),_xlpm.mydates,$M$4:$M$26,_xlpm.rate_to_use, _xlfn.XLOOKUP(_xlpm.my_date,_xlpm.mydates,_xlpm.myrates,1,-1),IF(_xlpm.myfx ="NZD",1,_xlpm.rate_to_use))} -> 51.9757 | G11: =ROUNDUP(Table1[[#This Row],[Amount]]/Table1[[#This Row],[Exchange rate]],2) -> 110.53 | M11: 46073 | N11: 0.59655 | O11: 0.8455 | P11: 0.50685 | Q11: 54.0937
B12: R_23013 | C12: 46024 | D12: 120.08 | E12: USD | F12: {=_xlfn.LET(_xlpm.my_date,Table1[[#This Row],[Date]],_xlpm.myfx,Table1[[#This Row],[Currency]],_xlpm.myrates,_xlfn.XLOOKUP(_xlpm.myfx,$N$3:$Q$3,$N$4:$Q$26),_xlpm.mydates,$M$4:$M$26,_xlpm.rate_to_use, _xlfn.XLOOKUP(_xlpm.my_date,_xlpm.mydates,_xlpm.myrates,1,-1),IF(_xlpm.myfx ="NZD",1,_xlpm.rate_to_use))} -> 0.57885 | G12: =ROUNDUP(Table1[[#This Row],[Amount]]/Table1[[#This Row],[Exchange rate]],2) -> 207.45 | M12: 46080 | N12: 0.59775 | O12: 0.84195 | P12: 0.5067 | Q12: 54.3441
B13: R_23014 | C13: 46024 | D13: 206.14 | E13: NZD | F13: {=_xlfn.LET(_xlpm.my_date,Table1[[#This Row],[Date]],_xlpm.myfx,Table1[[#This Row],[Currency]],_xlpm.myrates,_xlfn.XLOOKUP(_xlpm.myfx,$N$3:$Q$3,$N$4:$Q$26),_xlpm.mydates,$M$4:$M$26,_xlpm.rate_to_use, _xlfn.XLOOKUP(_xlpm.my_date,_xlpm.mydates,_xlpm.myrates,1,-1),IF(_xlpm.myfx ="NZD",1,_xlpm.rate_to_use))} -> 1 | G13: =ROUNDUP(Table1[[#This Row],[Amount]]/Table1[[#This Row],[Exchange rate]],2) -> 206.14 | M13: 46087 | N13: 0.59075 | O13: 0.84145 | P13: 0.5088 | Q13: 54.1076
B14: R_23015 | C14: 46024 | D14: 205.96 | E14: EUR | F14: {=_xlfn.LET(_xlpm.my_date,Table1[[#This Row],[Date]],_xlpm.myfx,Table1[[#This Row],[Currency]],_xlpm.myrates,_xlfn.XLOOKUP(_xlpm.myfx,$N$3:$Q$3,$N$4:$Q$26),_xlpm.mydates,$M$4:$M$26,_xlpm.rate_to_use, _xlfn.XLOOKUP(_xlpm.my_date,_xlpm.mydates,_xlpm.myrates,1,-1),IF(_xlpm.myfx ="NZD",1,_xlpm.rate_to_use))} -> 0.49275 | G14: =ROUNDUP(Table1[[#This Row],[Amount]]/Table1[[#This Row],[Exchange rate]],2) -> 417.99 | M14: 46094 | N14: 0.5856 | O14: 0.82645 | P14: 0.50815 | Q14: 53.9843
B15: R_23016 | C15: 46025 | D15: 242.71 | E15: AUD | F15: {=_xlfn.LET(_xlpm.my_date,Table1[[#This Row],[Date]],_xlpm.myfx,Table1[[#This Row],[Currency]],_xlpm.myrates,_xlfn.XLOOKUP(_xlpm.myfx,$N$3:$Q$3,$N$4:$Q$26),_xlpm.mydates,$M$4:$M$26,_xlpm.rate_to_use, _xlfn.XLOOKUP(_xlpm.my_date,_xlpm.mydates,_xlpm.myrates,1,-1),IF(_xlpm.myfx ="NZD",1,_xlpm.rate_to_use))} -> 0.8641 | G15: =ROUNDUP(Table1[[#This Row],[Amount]]/Table1[[#This Row],[Exchange rate]],2) -> 280.89 | M15: 46101 | N15: 0.58815 | O15: 0.83045 | P15: 0.50815 | Q15: 54.4847
B16: R_23017 | C16: 46025 | D16: 186.21 | E16: NZD | F16: {=_xlfn.LET(_xlpm.my_date,Table1[[#This Row],[Date]],_xlpm.myfx,Table1[[#This Row],[Currency]],_xlpm.myrates,_xlfn.XLOOKUP(_xlpm.myfx,$N$3:$Q$3,$N$4:$Q$26),_xlpm.mydates,$M$4:$M$26,_xlpm.rate_to_use, _xlfn.XLOOKUP(_xlpm.my_date,_xlpm.mydates,_xlpm.myrates,1,-1),IF(_xlpm.myfx ="NZD",1,_xlpm.rate_to_use))} -> 1 | G16: =ROUNDUP(Table1[[#This Row],[Amount]]/Table1[[#This Row],[Exchange rate]],2) -> 186.21 | M16: 46108 | N16: 0.57565 | O16: 0.8373 | P16: 0.4992 | Q16: 54.0953
B17: R_23018 | C17: 46025 | D17: 27062 | E17: INR | F17: {=_xlfn.LET(_xlpm.my_date,Table1[[#This Row],[Date]],_xlpm.myfx,Table1[[#This Row],[Currency]],_xlpm.myrates,_xlfn.XLOOKUP(_xlpm.myfx,$N$3:$Q$3,$N$4:$Q$26),_xlpm.mydates,$M$4:$M$26,_xlpm.rate_to_use, _xlfn.XLOOKUP(_xlpm.my_date,_xlpm.mydates,_xlpm.myrates,1,-1),IF(_xlpm.myfx ="NZD",1,_xlpm.rate_to_use))} -> 51.9757 | G17: =ROUNDUP(Table1[[#This Row],[Amount]]/Table1[[#This Row],[Exchange rate]],2) -> 520.67 | M17: 46112 | N17: 0.57235 | O17: 0.83465 | P17: 0.49875 | Q17: 54.2867
... B26: R_23027 | C26: 46027 | D26: 368.06 | E26: NZD | F26: {=_xlfn.LET(_xlpm.my_date,Table1[[#This Row],[Date]],_xlpm.myfx,Table1[[#This Row],[Currency]],_xlpm.myrates,_xlfn.XLOOKUP(_xlpm.myfx,$N$3:$Q$3,$N$4:$Q$26),_xlpm.mydates,$M$4:$M$26,_xlpm.rate_to_use, _xlfn.XLOOKUP(_xlpm.my_date,_xlpm.mydates,_xlpm.myrates,1,-1),IF(_xlpm.myfx ="NZD",1,_xlpm.rate_to_use))} -> 1 | G26: =ROUNDUP(Table1[[#This Row],[Amount]]/Table1[[#This Row],[Exchange rate]],2) -> 368.06 | M26: 46157 | N26: 0.5883 | O26: 0.81855 | P26: 0.5051 | Q26: 56.3393
B27: R_23028 | C27: 46028 | D27: 270.09 | E27: EUR | F27: {=_xlfn.LET(_xlpm.my_date,Table1[[#This Row],[Date]],_xlpm.myfx,Table1[[#This Row],[Currency]],_xlpm.myrates,_xlfn.XLOOKUP(_xlpm.myfx,$N$3:$Q$3,$N$4:$Q$26),_xlpm.mydates,$M$4:$M$26,_xlpm.rate_to_use, _xlfn.XLOOKUP(_xlpm.my_date,_xlpm.mydates,_xlpm.myrates,1,-1),IF(_xlpm.myfx ="NZD",1,_xlpm.rate_to_use))} -> 0.49275 | G27: =ROUNDUP(Table1[[#This Row],[Amount]]/Table1[[#This Row],[Exchange rate]],2) -> 548.13
B28: R_23029 | C28: 46028 | D28: 352.7 | E28: EUR | F28: {=_xlfn.LET(_xlpm.my_date,Table1[[#This Row],[Date]],_xlpm.myfx,Table1[[#This Row],[Currency]],_xlpm.myrates,_xlfn.XLOOKUP(_xlpm.myfx,$N$3:$Q$3,$N$4:$Q$26),_xlpm.mydates,$M$4:$M$26,_xlpm.rate_to_use, _xlfn.XLOOKUP(_xlpm.my_date,_xlpm.mydates,_xlpm.myrates,1,-1),IF(_xlpm.myfx ="NZD",1,_xlpm.rate_to_use))} -> 0.49275 | G28: =ROUNDUP(Table1[[#This Row],[Amount]]/Table1[[#This Row],[Exchange rate]],2) -> 715.78
B29: R_23030 | C29: 46028 | D29: 4679.64 | E29: INR | F29: {=_xlfn.LET(_xlpm.my_date,Table1[[#This Row],[Date]],_xlpm.myfx,Table1[[#This Row],[Currency]],_xlpm.myrates,_xlfn.XLOOKUP(_xlpm.myfx,$N$3:$Q$3,$N$4:$Q$26),_xlpm.mydates,$M$4:$M$26,_xlpm.rate_to_use, _xlfn.XLOOKUP(_xlpm.my_date,_xlpm.mydates,_xlpm.myrates,1,-1),IF(_xlpm.myfx ="NZD",1,_xlpm.rate_to_use))} -> 51.9757 | G29: =ROUNDUP(Table1[[#This Row],[Amount]]/Table1[[#This Row],[Exchange rate]],2) -> 90.04
B30: R_23031 | C30: 46028 | D30: 427.2 | E30: EUR | F30: {=_xlfn.LET(_xlpm.my_date,Table1[[#This Row],[Date]],_xlpm.myfx,Table1[[#This Row],[Currency]],_xlpm.myrates,_xlfn.XLOOKUP(_xlpm.myfx,$N$3:$Q$3,$N$4:$Q$26),_xlpm.mydates,$M$4:$M$26,_xlpm.rate_to_use, _xlfn.XLOOKUP(_xlpm.my_date,_xlpm.mydates,_xlpm.myrates,1,-1),IF(_xlpm.myfx ="NZD",1,_xlpm.rate_to_use))} -> 0.49275 | G30: =ROUNDUP(Table1[[#This Row],[Amount]]/Table1[[#This Row],[Exchange rate]],2) -> 866.98
B31: R_23032 | C31: 46028 | D31: 19623.1 | E31: INR | F31: {=_xlfn.LET(_xlpm.my_date,Table1[[#This Row],[Date]],_xlpm.myfx,Table1[[#This Row],[Currency]],_xlpm.myrates,_xlfn.XLOOKUP(_xlpm.myfx,$N$3:$Q$3,$N$4:$Q$26),_xlpm.mydates,$M$4:$M$26,_xlpm.rate_to_use, _xlfn.XLOOKUP(_xlpm.my_date,_xlpm.mydates,_xlpm.myrates,1,-1),IF(_xlpm.myfx ="NZD",1,_xlpm.rate_to_use))} -> 51.9757 | G31: =ROUNDUP(Table1[[#This Row],[Amount]]/Table1[[#This Row],[Exchange rate]],2) -> 377.55
B32: R_23033 | C32: 46028 | D32: 401.86 | E32: AUD | F32: {=_xlfn.LET(_xlpm.my_date,Table1[[#This Row],[Date]],_xlpm.myfx,Table1[[#This Row],[Currency]],_xlpm.myrates,_xlfn.XLOOKUP(_xlpm.myfx,$N$3:$Q$3,$N$4:$Q$26),_xlpm.mydates,$M$4:$M$26,_xlpm.rate_to_use, _xlfn.XLOOKUP(_xlpm.my_date,_xlpm.mydates,_xlpm.myrates,1,-1),IF(_xlpm.myfx ="NZD",1,_xlpm.rate_to_use))} -> 0.8641 | G32: =ROUNDUP(Table1[[#This Row],[Amount]]/Table1[[#This Row],[Exchange rate]],2) -> 465.07
B33: R_23034 | C33: 46029 | D33: 160.92 | E33: USD | F33: {=_xlfn.LET(_xlpm.my_date,Table1[[#This Row],[Date]],_xlpm.myfx,Table1[[#This Row],[Currency]],_xlpm.myrates,_xlfn.XLOOKUP(_xlpm.myfx,$N$3:$Q$3,$N$4:$Q$26),_xlpm.mydates,$M$4:$M$26,_xlpm.rate_to_use, _xlfn.XLOOKUP(_xlpm.my_date,_xlpm.mydates,_xlpm.myrates,1,-1),IF(_xlpm.myfx ="NZD",1,_xlpm.rate_to_use))} -> 0.57885 | G33: =ROUNDUP(Table1[[#This Row],[Amount]]/Table1[[#This Row],[Exchange rate]],2) -> 278
B34: R_23035 | C34: 46029 | D34: 456.15 | E34: USD | F34: {=_xlfn.LET(_xlpm.my_date,Table1[[#This Row],[Date]],_xlpm.myfx,Table1[[#This Row],[Currency]],_xlpm.myrates,_xlfn.XLOOKUP(_xlpm.myfx,$N$3:$Q$3,$N$4:$Q$26),_xlpm.mydates,$M$4:$M$26,_xlpm.rate_to_use, _xlfn.XLOOKUP(_xlpm.my_date,_xlpm.mydates,_xlpm.myrates,1,-1),IF(_xlpm.myfx ="NZD",1,_xlpm.rate_to_use))} -> 0.57885 | G34: =ROUNDUP(Table1[[#This Row],[Amount]]/Table1[[#This Row],[Exchange rate]],2) -> 788.03
B35: R_23036 | C35: 46029 | D35: 350.59 | E35: USD | F35: {=_xlfn.LET(_xlpm.my_date,Table1[[#This Row],[Date]],_xlpm.myfx,Table1[[#This Row],[Currency]],_xlpm.myrates,_xlfn.XLOOKUP(_xlpm.myfx,$N$3:$Q$3,$N$4:$Q$26),_xlpm.mydates,$M$4:$M$26,_xlpm.rate_to_use, _xlfn.XLOOKUP(_xlpm.my_date,_xlpm.mydates,_xlpm.myrates,1,-1),IF(_xlpm.myfx ="NZD",1,_xlpm.rate_to_use))} -> 0.57885 | G35: =ROUNDUP(Table1[[#This Row],[Amount]]/Table1[[#This Row],[Exchange rate]],2) -> 605.67
B36: R_23037 | C36: 46029 | D36: 458.87 | E36: EUR | F36: {=_xlfn.LET(_xlpm.my_date,Table1[[#This Row],[Date]],_xlpm.myfx,Table1[[#This Row],[Currency]],_xlpm.myrates,_xlfn.XLOOKUP(_xlpm.myfx,$N$3:$Q$3,$N$4:$Q$26),_xlpm.mydates,$M$4:$M$26,_xlpm.rate_to_use, _xlfn.XLOOKUP(_xlpm.my_date,_xlpm.mydates,_xlpm.myrates,1,-1),IF(_xlpm.myfx ="NZD",1,_xlpm.rate_to_use))} -> 0.49275 | G36: =ROUNDUP(Table1[[#This Row],[Amount]]/Table1[[#This Row],[Exchange rate]],2) -> 931.25
B37: R_23038 | C37: 46029 | D37: 130.96 | E37: USD | F37: {=_xlfn.LET(_xlpm.my_date,Table1[[#This Row],[Date]],_xlpm.myfx,Table1[[#This Row],[Currency]],_xlpm.myrates,_xlfn.XLOOKUP(_xlpm.myfx,$N$3:$Q$3,$N$4:$Q$26),_xlpm.mydates,$M$4:$M$26,_xlpm.rate_to_use, _xlfn.XLOOKUP(_xlpm.my_date,_xlpm.mydates,_xlpm.myrates,1,-1),IF(_xlpm.myfx ="NZD",1,_xlpm.rate_to_use))} -> 0.57885 | G37: =ROUNDUP(Table1[[#This Row],[Amount]]/Table1[[#This Row],[Exchange rate]],2) -> 226.25
B38: R_23039 | C38: 46030 | D38: 23414.81 | E38: INR | F38: {=_xlfn.LET(_xlpm.my_date,Table1[[#This Row],[Date]],_xlpm.myfx,Table1[[#This Row],[Currency]],_xlpm.myrates,_xlfn.XLOOKUP(_xlpm.myfx,$N$3:$Q$3,$N$4:$Q$26),_xlpm.mydates,$M$4:$M$26,_xlpm.rate_to_use, _xlfn.XLOOKUP(_xlpm.my_date,_xlpm.mydates,_xlpm.myrates,1,-1),IF(_xlpm.myfx ="NZD",1,_xlpm.rate_to_use))} -> 51.9757 | G38: =ROUNDUP(Table1[[#This Row],[Amount]]/Table1[[#This Row],[Exchange rate]],2) -> 450.5
... B505: R_23506 | C505: 46149 | D505: 247.86 | E505: USD | F505: {=_xlfn.LET(_xlpm.my_date,Table1[[#This Row],[Date]],_xlpm.myfx,Table1[[#This Row],[Currency]],_xlpm.myrates,_xlfn.XLOOKUP(_xlpm.myfx,$N$3:$Q$3,$N$4:$Q$26),_xlpm.mydates,$M$4:$M$26,_xlpm.rate_to_use, _xlfn.XLOOKUP(_xlpm.my_date,_xlpm.mydates,_xlpm.myrates,1,-1),IF(_xlpm.myfx ="NZD",1,_xlpm.rate_to_use))} -> 0.59065 | G505: =ROUNDUP(Table1[[#This Row],[Amount]]/Table1[[#This Row],[Exchange rate]],2) -> 419.64

Sheet Leads Per day
B1: Target Practice
B3: Calculate the date on which each sales person reached 500 leads. Also calculate avg. number of leads per day as of target reaching date
B5: Target | C5: 500 | J5: Name | K5: Date | L5: Leads
J6: Harry S TRUEman | K6: 46023 | L6: 10 | Q6: Barank Obama | R6: =FILTER(Leadtable[[Date]:[Leads]]),Leadtable[Name]=Q6)
B7: Sales Person | C7: Total leads | D7: Reached on | E7: Avg. per day | F7: Indicator | J7: Alia BAHTTEXT | K7: 46023 | L7: 7
B8: Barank Obama | C8: =SUMIFS(Leadtable[Leads],Leadtable[Name],B8) -> 557 | D8: {=_xlfn.LET(_xlpm.me,B8,_xlpm.my_data,_xlfn._xlws.SORT(_xlfn._xlws.FILTER(Leadtable[],Leadtable[Name]=_xlpm.me),2), _xlpm.mydate, _xlfn.CHOOSECOLS(_xlpm.my_data,2),_xlpm.myleads,_xlfn.CHOOSECOLS(_xlpm.my_data,3),_xlpm.cummulative_leads,_xlfn.SCAN(0,_xlpm.myleads,_xleta.SUM), _xlpm.target_reached_on,_xlfn.XLOOKUP($C$5,_xlpm.cummulative_leads,_xlpm.mydate,"Not Reached",1),_xlpm.target_reached_on)} -> 46151 | E8: {=IF($D8="Not Reached","Not Reached",_xlfn.LET(_xlpm.first_date,MIN(Leadtable[Date],Leadtable[Name]=$B8),_xlpm.days_taken,($D8-_xlpm.first_date)+1, _xlpm.avg_per_day,ROUND($C$5/_xlpm.days_taken,2),_xlpm.avg_per_day))} -> 3.88 | F8: =IF(ISNUMBER(D8), "Target Achieved", "Behind Target") -> Target Achieved | J8: Exact Hoover | K8: 46023 | L8: 3
B9: Large Bush | C9: =SUMIFS(Leadtable[Leads],Leadtable[Name],B9) -> 620 | D9: {=_xlfn.LET(_xlpm.me,B9,_xlpm.my_data,_xlfn._xlws.SORT(_xlfn._xlws.FILTER(Leadtable[],Leadtable[Name]=_xlpm.me),2), _xlpm.mydate, _xlfn.CHOOSECOLS(_xlpm.my_data,2),_xlpm.myleads,_xlfn.CHOOSECOLS(_xlpm.my_data,3),_xlpm.cummulative_leads,_xlfn.SCAN(0,_xlpm.myleads,_xleta.SUM), _xlpm.target_reached_on,_xlfn.XLOOKUP($C$5,_xlpm.cummulative_leads,_xlpm.mydate,"Not Reached",1),_xlpm.target_reached_on)} -> 46121 | E9: {=IF($D9="Not Reached","Not Reached",_xlfn.LET(_xlpm.first_date,MIN(Leadtable[Date],Leadtable[Name]=$B9),_xlpm.days_taken,($D9-_xlpm.first_date)+1, _xlpm.avg_per_day,ROUND($C$5/_xlpm.days_taken,2),_xlpm.avg_per_day))} -> 5.05 | F9: =IF(ISNUMBER(D9), "Target Achieved", "Behind Target") -> Target Achieved | J9: ShaHIDE Kapoor | K9: 46023 | L9: 1
B10: Fill Clinton | C10: =SUMIFS(Leadtable[Leads],Leadtable[Name],B10) -> 511 | D10: {=_xlfn.LET(_xlpm.me,B10,_xlpm.my_data,_xlfn._xlws.SORT(_xlfn._xlws.FILTER(Leadtable[],Leadtable[Name]=_xlpm.me),2), _xlpm.mydate, _xlfn.CHOOSECOLS(_xlpm.my_data,2),_xlpm.myleads,_xlfn.CHOOSECOLS(_xlpm.my_data,3),_xlpm.cummulative_leads,_xlfn.SCAN(0,_xlpm.myleads,_xleta.SUM), _xlpm.target_reached_on,_xlfn.XLOOKUP($C$5,_xlpm.cummulative_leads,_xlpm.mydate,"Not Reached",1),_xlpm.target_reached_on)} -> 46164 | E10: {=IF($D10="Not Reached","Not Reached",_xlfn.LET(_xlpm.first_date,MIN(Leadtable[Date],Leadtable[Name]=$B10),_xlpm.days_taken,($D10-_xlpm.first_date)+1, _xlpm.avg_per_day,ROUND($C$5/_xlpm.days_taken,2),_xlpm.avg_per_day))} -> 3.52 | F10: =IF(ISNUMBER(D10), "Target Achieved", "Behind Target") -> Target Achieved | J10: Fill Clinton | K10: 46023 | L10: 4
B11: Donald Roundup | C11: =SUMIFS(Leadtable[Leads],Leadtable[Name],B11) -> 568 | D11: {=_xlfn.LET(_xlpm.me,B11,_xlpm.my_data,_xlfn._xlws.SORT(_xlfn._xlws.FILTER(Leadtable[],Leadtable[Name]=_xlpm.me),2), _xlpm.mydate, _xlfn.CHOOSECOLS(_xlpm.my_data,2),_xlpm.myleads,_xlfn.CHOOSECOLS(_xlpm.my_data,3),_xlpm.cummulative_leads,_xlfn.SCAN(0,_xlpm.myleads,_xleta.SUM), _xlpm.target_reached_on,_xlfn.XLOOKUP($C$5,_xlpm.cummulative_leads,_xlpm.mydate,"Not Reached",1),_xlpm.target_reached_on)} -> 46148 | E11: {=IF($D11="Not Reached","Not Reached",_xlfn.LET(_xlpm.first_date,MIN(Leadtable[Date],Leadtable[Name]=$B11),_xlpm.days_taken,($D11-_xlpm.first_date)+1, _xlpm.avg_per_day,ROUND($C$5/_xlpm.days_taken,2),_xlpm.avg_per_day))} -> 3.97 | F11: =IF(ISNUMBER(D11), "Target Achieved", "Behind Target") -> Target Achieved | J11: Fill Clinton | K11: 46023 | L11: 4
B12: Now Biden | C12: =SUMIFS(Leadtable[Leads],Leadtable[Name],B12) -> 548 | D12: {=_xlfn.LET(_xlpm.me,B12,_xlpm.my_data,_xlfn._xlws.SORT(_xlfn._xlws.FILTER(Leadtable[],Leadtable[Name]=_xlpm.me),2), _xlpm.mydate, _xlfn.CHOOSECOLS(_xlpm.my_data,2),_xlpm.myleads,_xlfn.CHOOSECOLS(_xlpm.my_data,3),_xlpm.cummulative_leads,_xlfn.SCAN(0,_xlpm.myleads,_xleta.SUM), _xlpm.target_reached_on,_xlfn.XLOOKUP($C$5,_xlpm.cummulative_leads,_xlpm.mydate,"Not Reached",1),_xlpm.target_reached_on)} -> 46147 | E12: {=IF($D12="Not Reached","Not Reached",_xlfn.LET(_xlpm.first_date,MIN(Leadtable[Date],Leadtable[Name]=$B12),_xlpm.days_taken,($D12-_xlpm.first_date)+1, _xlpm.avg_per_day,ROUND($C$5/_xlpm.days_taken,2),_xlpm.avg_per_day))} -> 4 | F12: =IF(ISNUMBER(D12), "Target Achieved", "Behind Target") -> Target Achieved | J12: Wood ROW Wilson | K12: 46023 | L12: 8
B13: ROWland Reagan | C13: =SUMIFS(Leadtable[Leads],Leadtable[Name],B13) -> 495 | D13: {=_xlfn.LET(_xlpm.me,B13,_xlpm.my_data,_xlfn._xlws.SORT(_xlfn._xlws.FILTER(Leadtable[],Leadtable[Name]=_xlpm.me),2), _xlpm.mydate, _xlfn.CHOOSECOLS(_xlpm.my_data,2),_xlpm.myleads,_xlfn.CHOOSECOLS(_xlpm.my_data,3),_xlpm.cummulative_leads,_xlfn.SCAN(0,_xlpm.myleads,_xleta.SUM), _xlpm.target_reached_on,_xlfn.XLOOKUP($C$5,_xlpm.cummulative_leads,_xlpm.mydate,"Not Reached",1),_xlpm.target_reached_on)} -> Not Reached | E13: {=IF($D13="Not Reached","Not Reached",_xlfn.LET(_xlpm.first_date,MIN(Leadtable[Date],Leadtable[Name]=$B13),_xlpm.days_taken,($D13-_xlpm.first_date)+1, _xlpm.avg_per_day,ROUND($C$5/_xlpm.days_taken,2),_xlpm.avg_per_day))} -> Not Reached | F13: =IF(ISNUMBER(D13), "Target Achieved", "Behind Target") -> Behind Target | J13: Exact Hoover | K13: 46023 | L13: 1
B14: Jimmy Charter | C14: =SUMIFS(Leadtable[Leads],Leadtable[Name],B14) -> 506 | D14: {=_xlfn.LET(_xlpm.me,B14,_xlpm.my_data,_xlfn._xlws.SORT(_xlfn._xlws.FILTER(Leadtable[],Leadtable[Name]=_xlpm.me),2), _xlpm.mydate, _xlfn.CHOOSECOLS(_xlpm.my_data,2),_xlpm.myleads,_xlfn.CHOOSECOLS(_xlpm.my_data,3),_xlpm.cummulative_leads,_xlfn.SCAN(0,_xlpm.myleads,_xleta.SUM), _xlpm.target_reached_on,_xlfn.XLOOKUP($C$5,_xlpm.cummulative_leads,_xlpm.mydate,"Not Reached",1),_xlpm.target_reached_on)} -> 46165 | E14: {=IF($D14="Not Reached","Not Reached",_xlfn.LET(_xlpm.first_date,MIN(Leadtable[Date],Leadtable[Name]=$B14),_xlpm.days_taken,($D14-_xlpm.first_date)+1, _xlpm.avg_per_day,ROUND($C$5/_xlpm.days_taken,2),_xlpm.avg_per_day))} -> 3.5 | F14: =IF(ISNUMBER(D14), "Target Achieved", "Behind Target") -> Target Achieved | J14: Large Bush | K14: 46023 | L14: 8
B15: Gerald Find | C15: =SUMIFS(Leadtable[Leads],Leadtable[Name],B15) -> 641 | D15: {=_xlfn.LET(_xlpm.me,B15,_xlpm.my_data,_xlfn._xlws.SORT(_xlfn._xlws.FILTER(Leadtable[],Leadtable[Name]=_xlpm.me),2), _xlpm.mydate, _xlfn.CHOOSECOLS(_xlpm.my_data,2),_xlpm.myleads,_xlfn.CHOOSECOLS(_xlpm.my_data,3),_xlpm.cummulative_leads,_xlfn.SCAN(0,_xlpm.myleads,_xleta.SUM), _xlpm.target_reached_on,_xlfn.XLOOKUP($C$5,_xlpm.cummulative_leads,_xlpm.mydate,"Not Reached",1),_xlpm.target_reached_on)} -> 46135 | E15: {=IF($D15="Not Reached","Not Reached",_xlfn.LET(_xlpm.first_date,MIN(Leadtable[Date],Leadtable[Name]=$B15),_xlpm.days_taken,($D15-_xlpm.first_date)+1, _xlpm.avg_per_day,ROUND($C$5/_xlpm.days_taken,2),_xlpm.avg_per_day))} -> 4.42 | F15: =IF(ISNUMBER(D15), "Target Achieved", "Behind Target") -> Target Achieved | J15: VishwanaTAN AnAND | K15: 46023 | L15: 10
B16: Richard Function | C16: =SUMIFS(Leadtable[Leads],Leadtable[Name],B16) -> 515 | D16: {=_xlfn.LET(_xlpm.me,B16,_xlpm.my_data,_xlfn._xlws.SORT(_xlfn._xlws.FILTER(Leadtable[],Leadtable[Name]=_xlpm.me),2), _xlpm.mydate, _xlfn.CHOOSECOLS(_xlpm.my_data,2),_xlpm.myleads,_xlfn.CHOOSECOLS(_xlpm.my_data,3),_xlpm.cummulative_leads,_xlfn.SCAN(0,_xlpm.myleads,_xleta.SUM), _xlpm.target_reached_on,_xlfn.XLOOKUP($C$5,_xlpm.cummulative_leads,_xlpm.mydate,"Not Reached",1),_xlpm.target_reached_on)} -> 46165 | E16: {=IF($D16="Not Reached","Not Reached",_xlfn.LET(_xlpm.first_date,MIN(Leadtable[Date],Leadtable[Name]=$B16),_xlpm.days_taken,($D16-_xlpm.first_date)+1, _xlpm.avg_per_day,ROUND($C$5/_xlpm.days_taken,2),_xlpm.avg_per_day))} -> 3.5 | F16: =IF(ISNUMBER(D16), "Target Achieved", "Behind Target") -> Target Achieved | J16: SachIF Tendulkar | K16: 46023 | L16: 13
B17: Abraham LinColumn | C17: =SUMIFS(Leadtable[Leads],Leadtable[Name],B17) -> 353 | D17: {=_xlfn.LET(_xlpm.me,B17,_xlpm.my_data,_xlfn._xlws.SORT(_xlfn._xlws.FILTER(Leadtable[],Leadtable[Name]=_xlpm.me),2), _xlpm.mydate, _xlfn.CHOOSECOLS(_xlpm.my_data,2),_xlpm.myleads,_xlfn.CHOOSECOLS(_xlpm.my_data,3),_xlpm.cummulative_leads,_xlfn.SCAN(0,_xlpm.myleads,_xleta.SUM), _xlpm.target_reached_on,_xlfn.XLOOKUP($C$5,_xlpm.cummulative_leads,_xlpm.mydate,"Not Reached",1),_xlpm.target_reached_on)} -> Not Reached | E17: {=IF($D17="Not Reached","Not Reached",_xlfn.LET(_xlpm.first_date,MIN(Leadtable[Date],Leadtable[Name]=$B17),_xlpm.days_taken,($D17-_xlpm.first_date)+1, _xlpm.avg_per_day,ROUND($C$5/_xlpm.days_taken,2),_xlpm.avg_per_day))} -> Not Reached | F17: =IF(ISNUMBER(D17), "Target Achieved", "Behind Target") -> Behind Target | J17: Donald Roundup | K17: 46023 | L17: 3
B18: Harry S TRUEman | C18: =SUMIFS(Leadtable[Leads],Leadtable[Name],B18) -> 538 | D18: {=_xlfn.LET(_xlpm.me,B18,_xlpm.my_data,_xlfn._xlws.SORT(_xlfn._xlws.FILTER(Leadtable[],Leadtable[Name]=_xlpm.me),2), _xlpm.mydate, _xlfn.CHOOSECOLS(_xlpm.my_data,2),_xlpm.myleads,_xlfn.CHOOSECOLS(_xlpm.my_data,3),_xlpm.cummulative_leads,_xlfn.SCAN(0,_xlpm.myleads,_xleta.SUM), _xlpm.target_reached_on,_xlfn.XLOOKUP($C$5,_xlpm.cummulative_leads,_xlpm.mydate,"Not Reached",1),_xlpm.target_reached_on)} -> 46153 | E18: {=IF($D18="Not Reached","Not Reached",_xlfn.LET(_xlpm.first_date,MIN(Leadtable[Date],Leadtable[Name]=$B18),_xlpm.days_taken,($D18-_xlpm.first_date)+1, _xlpm.avg_per_day,ROUND($C$5/_xlpm.days_taken,2),_xlpm.avg_per_day))} -> 3.82 | F18: =IF(ISNUMBER(D18), "Target Achieved", "Behind Target") -> Target Achieved | J18: Shahrukh SCAN | K18: 46023 | L18: 22
B19: John IF Kennedy | C19: =SUMIFS(Leadtable[Leads],Leadtable[Name],B19) -> 498 | D19: {=_xlfn.LET(_xlpm.me,B19,_xlpm.my_data,_xlfn._xlws.SORT(_xlfn._xlws.FILTER(Leadtable[],Leadtable[Name]=_xlpm.me),2), _xlpm.mydate, _xlfn.CHOOSECOLS(_xlpm.my_data,2),_xlpm.myleads,_xlfn.CHOOSECOLS(_xlpm.my_data,3),_xlpm.cummulative_leads,_xlfn.SCAN(0,_xlpm.myleads,_xleta.SUM), _xlpm.target_reached_on,_xlfn.XLOOKUP($C$5,_xlpm.cummulative_leads,_xlpm.mydate,"Not Reached",1),_xlpm.target_reached_on)} -> Not Reached | E19: {=IF($D19="Not Reached","Not Reached",_xlfn.LET(_xlpm.first_date,MIN(Leadtable[Date],Leadtable[Name]=$B19),_xlpm.days_taken,($D19-_xlpm.first_date)+1, _xlpm.avg_per_day,ROUND($C$5/_xlpm.days_taken,2),_xlpm.avg_per_day))} -> Not Reached | F19: =IF(ISNUMBER(D19), "Target Achieved", "Behind Target") -> Behind Target | J19: Kapil DAY | K19: 46023 | L19: 4
... B42: VishwanaTAN AnAND | C42: =SUMIFS(Leadtable[Leads],Leadtable[Name],B42) -> 419 | D42: {=_xlfn.LET(_xlpm.me,B42,_xlpm.my_data,_xlfn._xlws.SORT(_xlfn._xlws.FILTER(Leadtable[],Leadtable[Name]=_xlpm.me),2), _xlpm.mydate, _xlfn.CHOOSECOLS(_xlpm.my_data,2),_xlpm.myleads,_xlfn.CHOOSECOLS(_xlpm.my_data,3),_xlpm.cummulative_leads,_xlfn.SCAN(0,_xlpm.myleads,_xleta.SUM), _xlpm.target_reached_on,_xlfn.XLOOKUP($C$5,_xlpm.cummulative_leads,_xlpm.mydate,"Not Reached",1),_xlpm.target_reached_on)} -> Not Reached | E42: {=IF($D42="Not Reached","Not Reached",_xlfn.LET(_xlpm.first_date,MIN(Leadtable[Date],Leadtable[Name]=$B42),_xlpm.days_taken,($D42-_xlpm.first_date)+1, _xlpm.avg_per_day,ROUND($C$5/_xlpm.days_taken,2),_xlpm.avg_per_day))} -> Not Reached | F42: =IF(ISNUMBER(D42), "Target Achieved", "Behind Target") -> Behind Target | J42: Mani RatNAME | K42: 46025 | L42: 23
J43: Richard Function | K43: 46025 | L43: 12
J44: Mani RatNAME | K44: 46025 | L44: 16
J45: Fill Clinton | K45: 46025 | L45: 13
J46: VALUE Arjun | K46: 46025 | L46: 5
J47: Aishwarya ROW | K47: 46025 | L47: 1
J48: Ulysses S. GrandTotal | K48: 46026 | L48: 5
J49: Rajini COTH | K49: 46026 | L49: 7
J50: Paresh ROWLEVEL | K50: 46026 | L50: 15
J51: Large Bush | K51: 46026 | L51: 14
J52: SachIF Tendulkar | K52: 46026 | L52: 6
J53: Mammo T | K53: 46026 | L53: 14
J54: Harry S TRUEman | K54: 46026 | L54: 5
... J2005: Kaj ALL | K2005: 46165 | L2005: 23

Sheet Dynamic Array
J1: Name | K1: Emp ID | L1: Gender | M1: Education Qualification | N1: Date of Join | O1: Job Title | P1: Salary | Q1: Age
B2: Dynamic Array Spill | D2: Left-most character | E2: Salary Check | J2: Barank Obama | K2: AC0001 | L2: Male | M2: Bachelor's Degree | N2: 44724 | O2: Chocolatier | P2: 51300 | Q2: 26
B3: {=P2:P36/100} -> 513 | D3: {=LEFT(J2:J36,1)} -> B | E3: {=IF(P2:P36>50000,"yes","No")} -> yes | J3: Large Bush | K3: AC0002 | L3: Female | M3: Diploma | N3: 44975 | O3: Production Operator | P3: 38300 | Q3: 33
B4: 383 | D4: L | E4: No | J4: Fill Clinton | K4: AC0003 | L4: Male | M4: High School Diploma | N4: 45540 | O4: Packaging Associate | P4: 31400 | Q4: 34
B5: 314 | D5: F | E5: No | J5: Donald Roundup | K5: AC0004 | L5: Male | M5: Bachelor's Degree | N5: 44520 | O5: Marketing Specialist | P5: 60700 | Q5: 30
B6: 607 | D6: D | E6: yes | J6: Now Biden | K6: AC0005 | L6: Female | M6: Master's Degree | N6: 43929 | O6: Research Scientist | P6: 77300 | Q6: 30
B7: 773 | D7: N | E7: yes | J7: ROWland Reagan | K7: AC0006 | L7: Female | M7: Bachelor's Degree | N7: 45730 | O7: Sales Representative | P7: 49800 | Q7: 38
B8: 498 | D8: R | E8: No | J8: Jimmy Charter | K8: AC0007 | L8: Male | M8: High School Diploma | N8: 45293 | O8: Production Operator | P8: 33000 | Q8: 32
B9: 330 | D9: J | E9: No | J9: Gerald Find | K9: AC0008 | L9: Female | M9: Diploma | N9: 44761 | O9: Quality Control | P9: 41900 | Q9: 36
B10: 419 | D10: G | E10: No | J10: Richard Function | K10: AC0009 | L10: Male | M10: Bachelor's Degree | N10: 45240 | O10: Research Analyst | P10: 58100 | Q10: 31
B11: 581 | D11: R | E11: yes | J11: Abraham LinColumn | K11: AC0010 | L11: Male | M11: Master's Degree | N11: 44372 | O11: Product Manager | P11: 82900 | Q11: 31
B12: 829 | D12: A | E12: yes | J12: Harry S TRUEman | K12: AC0011 | L12: Male | M12: High School Diploma | N12: 45508 | O12: Packaging Associate | P12: 28900 | Q12: 30
B13: 289 | D13: H | E13: No | J13: John IF Kennedy | K13: AC0012 | L13: Male | M13: Diploma | N13: 44609 | O13: Production Operator | P13: 37300 | Q13: 35
B14: 373 | D14: J | E14: No | J14: Wood ROW Wilson | K14: AC0013 | L14: Male | M14: Bachelor's Degree | N14: 45229 | O14: Chocolatier | P14: 52700 | Q14: 29
B15: 527 | D15: W | E15: yes | J15: Franklin D Choosevelt | K15: AC0014 | L15: Female | M15: Master's Degree | N15: 44086 | O15: Marketing Manager | P15: 74700 | Q15: 52
... B36: 428 | D36: K | E36: No | J36: VishwanaTAN AnAND | K36: AC0035 | L36: Male | M36: Bachelor | N36: 44587 | O36: Sales Representative | P36: 46900 | Q36: 35
B37: 469 | D37: V | E37: No

Sheet LET $ LAMBDA
C2: LET
C4: Top 3 and bottom 3 emplyees | D4: Take+SORT
E5: {=_xlfn.TAKE(_xlfn._xlws.SORT('Dynamic Array'!J2:Q36,7,-1),3)} -> Abraham LinColumn | F5: AC0010 | G5: Male | H5: Master's Degree | I5: 44372 | J5: Product Manager | K5: 82900 | L5: 31
D6: Top 3 | E6: Shahrukh SCAN | F6: AC0019 | G6: Male | H6: Master | I6: 43661 | J6: Product Manager | K6: 82700 | L6: 34
E7: VALUE Arjun | F7: AC0028 | G7: Male | H7: Master | I7: 44113 | J7: Product Manager | K7: 82100 | L7: 33
E9: {=_xlfn.TAKE(_xlfn._xlws.SORT('Dynamic Array'!J2:Q36,7,-1),-3)} -> Fill Clinton | F9: AC0003 | G9: Male | H9: High School Diploma | I9: 45540 | J9: Packaging Associate | K9: 31400 | L9: 34
D10: Bottom 3 | E10: Paresh ROWLEVEL | F10: AC0030 | G10: Male | H10: Diploma | I10: 44574 | J10: Packaging Associate | K10: 31100 | L10: 27
E11: Harry S TRUEman | F11: AC0011 | G11: Male | H11: High School Diploma | I11: 45508 | J11: Packaging Associate | K11: 28900 | L11: 30
C14: LET | D14: {=_xlfn.LET(_xlpm.data,'Dynamic Array'!J2:Q36,_xlpm.n,C16,_xlpm.sorted_array,_xlfn._xlws.SORT(_xlpm.data,7,-1),_xlpm.top_n,_xlfn.TAKE(_xlpm.sorted_array,_xlpm.n),_xlpm.bottom_n,_xlfn.TAKE(_xlpm.sorted_array,-_xlpm.n),_xlpm.full_data,_xlfn.VSTACK(_xlpm.top_n,_xlpm.bottom_n),_xlpm.full_data)} -> Abraham LinColumn | E14: AC0010 | F14: Male | G14: Master's Degree | H14: 44372 | I14: Product Manager | J14: 82900 | K14: 31
D15: Shahrukh SCAN | E15: AC0019 | F15: Male | G15: Master | H15: 43661 | I15: Product Manager | J15: 82700 | K15: 34
B16: Top & Bottom | C16: 3 | D16: VALUE Arjun | E16: AC0028 | F16: Male | G16: Master | H16: 44113 | I16: Product Manager | J16: 82100 | K16: 33
D17: Fill Clinton | E17: AC0003 | F17: Male | G17: High School Diploma | H17: 45540 | I17: Packaging Associate | J17: 31400 | K17: 34
D18: Paresh ROWLEVEL | E18: AC0030 | F18: Male | G18: Diploma | H18: 44574 | I18: Packaging Associate | J18: 31100 | K18: 27
D19: Harry S TRUEman | E19: AC0011 | F19: Male | G19: High School Diploma | H19: 45508 | I19: Packaging Associate | J19: 28900 | K19: 30
C23: LAMBDA | F23: 45 | G23: 8
C25: {=_xlfn.LAMBDA(_xlpm.a,_xlpm.b,_xlpm.a*_xlpm.b)(F23,G23)} -> 360

Sheet Map vs Scan
B1: Map | E1: Scan | F1: has memory
B2: {=_xlfn.MAP('Dynamic Array'!P2:P36,_xlfn.LAMBDA(_xlpm.each,_xlpm.each/1000))} -> 51.3 | E2: {=_xlfn.SCAN(0,'Dynamic Array'!P2:P36,_xlfn.LAMBDA(_xlpm.a,_xlpm.c,_xlpm.a+_xlpm.c))} -> 51300
B3: 38.3 | E3: 89600
B4: 31.4 | E4: 121000
B5: 60.7 | E5: 181700
B6: 77.3 | E6: 259000
B7: 49.8 | E7: 308800
B8: 33 | E8: 341800
B9: 41.9 | E9: 383700
B10: 58.1 | E10: 441800
B11: 82.9 | E11: 524700
B12: 28.9 | E12: 553600
B13: 37.3 | E13: 590900
B14: 52.7 | E14: 643600
... B36: 46.9 | E36: 1777400
